{
    "name": "root",
    "gauges": {
        "Mummy.Policy.Entropy.mean": {
            "value": 1.5093804597854614,
            "min": 1.5093804597854614,
            "max": 2.1943905353546143,
            "count": 50
        },
        "Mummy.Environment.EpisodeLength.mean": {
            "value": 425.71794871794873,
            "min": 410.2857142857143,
            "max": 959.5,
            "count": 50
        },
        "Mummy.Policy.ExtrinsicValueEstimate.mean": {
            "value": 1.4728580713272095,
            "min": 0.17924168705940247,
            "max": 1.6072200536727905,
            "count": 50
        },
        "Mummy.Environment.CumulativeReward.mean": {
            "value": 9.153750026226044,
            "min": 0.13703702555762398,
            "max": 12.608064536125429,
            "count": 50
        },
        "Mummy.Policy.ExtrinsicReward.mean": {
            "value": 9.153750026226044,
            "min": 0.13703702555762398,
            "max": 12.608064536125429,
            "count": 50
        },
        "Mummy.Losses.ValueLoss.mean": {
            "value": 0.7777763605117798,
            "min": 0.10209863632917404,
            "max": 0.7971818447113037,
            "count": 50
        },
        "Mummy.Losses.PolicyLoss.mean": {
            "value": 0.09855470061302185,
            "min": 0.09210213273763657,
            "max": 0.10696462541818619,
            "count": 50
        },
        "Mummy.Policy.LearningRate.mean": {
            "value": 3.4852009775931947e-06,
            "min": 3.4852009775931947e-06,
            "max": 0.00029636037652380764,
            "count": 50
        },
        "Mummy.Policy.Epsilon.mean": {
            "value": 0.10116171091794968,
            "min": 0.10116171091794968,
            "max": 0.19878679513931274,
            "count": 50
        },
        "Mummy.Policy.Beta.mean": {
            "value": 2.1500834918697365e-05,
            "min": 2.1500834918697365e-05,
            "max": 0.0009879893623292446,
            "count": 50
        },
        "Mummy.IsTraining.mean": {
            "value": 1.0,
            "min": 1.0,
            "max": 1.0,
            "count": 50
        }
    },
    "metadata": {
        "timer_format_version": "0.1.0",
        "start_time_seconds": "1597420825",
        "python_version": "3.7.3 (default, Apr 24 2020, 18:51:23) \n[Clang 11.0.3 (clang-1103.0.32.62)]",
        "command_line_arguments": "/usr/local/bin/mlagents-learn mummy.yaml --run-id=mummy_ray_02 --force",
        "mlagents_version": "0.20.0.dev0",
        "mlagents_envs_version": "0.20.0.dev0",
        "communication_protocol_version": "1.0.0",
        "tensorflow_version": "2.0.1",
        "numpy_version": "1.18.2",
        "end_time_seconds": "1597426582"
    },
    "total": 5757.17136119,
    "count": 1,
    "self": 0.01785975800066808,
    "children": {
        "run_training.setup": {
            "total": 0.01499134199999963,
            "count": 1,
            "self": 0.01499134199999963
        },
        "TrainerController.start_learning": {
            "total": 5757.13851009,
            "count": 1,
            "self": 5.329539425052644,
            "children": {
                "TrainerController._reset_env": {
                    "total": 15.576616555000001,
                    "count": 1,
                    "self": 15.576616555000001
                },
                "TrainerController.advance": {
                    "total": 5735.805584048947,
                    "count": 168282,
                    "self": 2.612933587979569,
                    "children": {
                        "env_step": {
                            "total": 5733.192650460967,
                            "count": 168282,
                            "self": 5537.469297269997,
                            "children": {
                                "SubprocessEnvManager._take_step": {
                                    "total": 193.03290221808533,
                                    "count": 168282,
                                    "self": 5.721506617159264,
                                    "children": {
                                        "TFPolicy.evaluate": {
                                            "total": 187.31139560092606,
                                            "count": 166894,
                                            "self": 187.31139560092606
                                        }
                                    }
                                },
                                "workers": {
                                    "total": 2.6904509728851167,
                                    "count": 168282,
                                    "self": 0.0,
                                    "children": {
                                        "worker_root": {
                                            "total": 5750.137415239128,
                                            "count": 168282,
                                            "is_parallel": true,
                                            "self": 432.3061317420552,
                                            "children": {
                                                "run_training.setup": {
                                                    "total": 0.0,
                                                    "count": 0,
                                                    "is_parallel": true,
                                                    "self": 0.0,
                                                    "children": {
                                                        "steps_from_proto": {
                                                            "total": 0.0014583610000009628,
                                                            "count": 1,
                                                            "is_parallel": true,
                                                            "self": 0.0006060760000003995,
                                                            "children": {
                                                                "_process_vector_observation": {
                                                                    "total": 0.0008522850000005633,
                                                                    "count": 2,
                                                                    "is_parallel": true,
                                                                    "self": 0.0008522850000005633
                                                                }
                                                            }
                                                        },
                                                        "UnityEnvironment.step": {
                                                            "total": 0.033088790000000756,
                                                            "count": 1,
                                                            "is_parallel": true,
                                                            "self": 0.0001799490000031767,
                                                            "children": {
                                                                "UnityEnvironment._generate_step_input": {
                                                                    "total": 0.00017172899999806646,
                                                                    "count": 1,
                                                                    "is_parallel": true,
                                                                    "self": 0.00017172899999806646
                                                                },
                                                                "communicator.exchange": {
                                                                    "total": 0.03230691399999941,