{
    "name": "root",
    "gauges": {
        "Mummy.Policy.Entropy.mean": {
            "value": 1.7625852823257446,
            "min": 1.7600899934768677,
            "max": 2.194683790206909,
            "count": 21
        },
        "Mummy.Environment.EpisodeLength.mean": {
            "value": 416.48936170212767,
            "min": 335.6825396825397,
            "max": 764.5769230769231,
            "count": 21
        },
        "Mummy.Policy.ExtrinsicValueEstimate.mean": {
            "value": 1.1347761154174805,
            "min": -0.1661314219236374,
            "max": 1.1347761154174805,
            "count": 21
        },
        "Mummy.Environment.CumulativeReward.mean": {
            "value": 6.345652139705161,
            "min": -0.6780487891377472,
            "max": 7.810937359929085,
            "count": 21
        },
        "Mummy.Policy.ExtrinsicReward.mean": {
            "value": 6.345652139705161,
            "min": -0.6780487891377472,
            "max": 7.810937359929085,
            "count": 21
        },
        "Mummy.Losses.ValueLoss.mean": {
            "value": 0.6275089979171753,
            "min": 0.09113232046365738,
            "max": 0.6275089979171753,
            "count": 21
        },
        "Mummy.Losses.PolicyLoss.mean": {
            "value": 0.0997820645570755,
            "min": 0.09670941531658173,
            "max": 0.10329475998878479,
            "count": 21
        },
        "Mummy.Policy.LearningRate.mean": {
            "value": 0.000176169938640669,
            "min": 0.000176169938640669,
            "max": 0.00029618878033943474,
            "count": 21
        },
        "Mummy.Policy.Epsilon.mean": {
            "value": 0.15872329473495483,
            "min": 0.15872329473495483,
            "max": 0.19872961938381195,
            "count": 21
        },
        "Mummy.Policy.Beta.mean": {
            "value": 0.0005913607310503721,
            "min": 0.0005913607310503721,
            "max": 0.0009874232346192002,
            "count": 21
        },
        "Mummy.IsTraining.mean": {
            "value": 1.0,
            "min": 1.0,
            "max": 1.0,
            "count": 21
        }
    },
    "metadata": {
        "timer_format_version": "0.1.0",
        "start_time_seconds": "1597413200",
        "python_version": "3.7.3 (default, Apr 24 2020, 18:51:23) \n[Clang 11.0.3 (clang-1103.0.32.62)]",
        "command_line_arguments": "/usr/local/bin/mlagents-learn mummy.yaml --run-id=mummy_ray5050 --force",
        "mlagents_version": "0.20.0.dev0",
        "mlagents_envs_version": "0.20.0.dev0",
        "communication_protocol_version": "1.0.0",
        "tensorflow_version": "2.0.1",
        "numpy_version": "1.18.2",
        "end_time_seconds": "1597415526"
    },
    "total": 2326.4203726309997,
    "count": 1,
    "self": 0.007243389999985084,
    "children": {
        "run_training.setup": {
            "total": 0.013529376000000148,
            "count": 1,
            "self": 0.013529376000000148
        },
        "TrainerController.start_learning": {
            "total": 2326.399599865,
            "count": 1,
            "self": 2.0778533059601614,
            "children": {
                "TrainerController._reset_env": {
                    "total": 7.458609628,
                    "count": 1,
                    "self": 7.458609628
                },
                "TrainerController.advance": {
                    "total": 2316.30470521604,
                    "count": 72272,
                    "self": 1.0448671940594068,
                    "children": {
                        "env_step": {
                            "total": 2315.2598380219806,
                            "count": 72272,
                            "self": 2236.788987378953,
                            "children": {
                                "SubprocessEnvManager._take_step": {
                                    "total": 77.39573259403099,
                                    "count": 72272,
                                    "self": 2.2490025170627206,
                                    "children": {
                                        "TFPolicy.evaluate": {
                                            "total": 75.14673007696827,
                                            "count": 71594,
                                            "self": 75.14673007696827
                                        }
                                    }
                                },
                                "workers": {
                                    "total": 1.0751180489965915,
                                    "count": 72271,
                                    "self": 0.0,
                                    "children": {
                                        "worker_root": {
                                            "total": 2323.235238555978,
                                            "count": 72271,
                                            "is_parallel": true,
                                            "self": 172.55727785798126,
                                            "children": {
                                                "run_training.setup": {
                                                    "total": 0.0,
                                                    "count": 0,
                                                    "is_parallel": true,
                                                    "self": 0.0,
                                                    "children": {
                                                        "steps_from_proto": {
                                                            "total": 0.0015498189999991752,
                                                            "count": 1,
                                                            "is_parallel": true,
                                                            "self": 0.0005997630000003085,
                                                            "children": {
                                                                "_process_vector_observation": {
                                                                    "total": 0.0009500559999988667,
                                                                    "count": 2,
                                                                    "is_parallel": true,
                                                                    "self": 0.0009500559999988667
                                                                }
                                                            }
                                                        },
                                                        "UnityEnvironment.step": {
                                                            "total": 0.038890650000000804,
                                                            "count": 1,
                                                            "is_parallel": true,
                                                            "self": 0.0001510919999994087,
                                                            "children": {
                                                                "UnityEnvironment._generate_step_input": {
                                                                    "total": 0.0001570080000004026,
                                                                    "count": 1,
                                                                    "is_parallel": true,
                                                                    "self": 0.0001570080000004026
                                                                },
                                                                "communicator.exchange": {
                                                                    "total": 0.038147716000001,