{
    "name": "root",
    "gauges": {
        "Mummy.Policy.Entropy.mean": {
            "value": 1.462638258934021,
            "min": 1.462638258934021,
            "max": 2.1930227279663086,
            "count": 50
        },
        "Mummy.Environment.EpisodeLength.mean": {
            "value": 921.4444444444445,
            "min": 713.6551724137931,
            "max": 1625.25,
            "count": 50
        },
        "Mummy.Policy.ExtrinsicValueEstimate.mean": {
            "value": 1.201715111732483,
            "min": -0.09051068127155304,
            "max": 1.3561434745788574,
            "count": 50
        },
        "Mummy.Environment.CumulativeReward.mean": {
            "value": 12.65769227880698,
            "min": -0.7026315833392897,
            "max": 16.881249975413084,
            "count": 50
        },
        "Mummy.Policy.ExtrinsicReward.mean": {
            "value": 12.65769227880698,
            "min": -0.7026315833392897,
            "max": 16.881249975413084,
            "count": 50
        },
        "Mummy.Losses.ValueLoss.mean": {
            "value": 0.3179939389228821,
            "min": 0.04983195662498474,
            "max": 0.47512009739875793,
            "count": 50
        },
        "Mummy.Losses.PolicyLoss.mean": {
            "value": 0.10079579055309296,
            "min": 0.09429147094488144,
            "max": 0.10547583550214767,
            "count": 50
        },
        "Mummy.Policy.LearningRate.mean": {
            "value": 3.1360038974526105e-06,
            "min": 3.1360038974526105e-06,
            "max": 0.0002963813894893974,
            "count": 50
        },
        "Mummy.Policy.Epsilon.mean": {
            "value": 0.10104531049728394,
            "min": 0.10104531049728394,
            "max": 0.19879378378391266,
            "count": 50
        },
        "Mummy.Policy.Beta.mean": {
            "value": 2.0348488760646433e-05,
            "min": 2.0348488760646433e-05,
            "max": 0.0009880586294457316,
            "count": 50
        },
        "Mummy.IsTraining.mean": {
            "value": 1.0,
            "min": 1.0,
            "max": 1.0,
            "count": 50
        }
    },
    "metadata": {
        "timer_format_version": "0.1.0",
        "start_time_seconds": "1597391858",
        "python_version": "3.7.3 (default, Apr 24 2020, 18:51:23) \n[Clang 11.0.3 (clang-1103.0.32.62)]",
        "command_line_arguments": "/usr/local/bin/mlagents-learn mummy.yaml --run-id=mummy_ray --force",
        "mlagents_version": "0.20.0.dev0",
        "mlagents_envs_version": "0.20.0.dev0",
        "communication_protocol_version": "1.0.0",
        "tensorflow_version": "2.0.1",
        "numpy_version": "1.18.2",
        "end_time_seconds": "1597395669"
    },
    "total": 3810.809938114,
    "count": 1,
    "self": 0.014919713999915984,
    "children": {
        "run_training.setup": {
            "total": 0.010519753000000076,
            "count": 1,
            "self": 0.010519753000000076
        },
        "TrainerController.start_learning": {
            "total": 3810.784498647,
            "count": 1,
            "self": 4.851479050936177,
            "children": {
                "TrainerController._reset_env": {
                    "total": 6.101759234999999,
                    "count": 1,
                    "self": 6.101759234999999
                },
                "TrainerController.advance": {
                    "total": 3799.487256406064,
                    "count": 167970,
                    "self": 2.2717082700914943,
                    "children": {
                        "env_step": {
                            "total": 3797.2155481359723,
                            "count": 167970,
                            "self": 3618.9987674149015,
                            "children": {
                                "SubprocessEnvManager._take_step": {
                                    "total": 175.81293289804623,
                                    "count": 167970,
                                    "self": 4.913691179059441,
                                    "children": {
                                        "TFPolicy.evaluate": {
                                            "total": 170.8992417189868,
                                            "count": 167149,
                                            "self": 170.8992417189868
                                        }
                                    }
                                },
                                "workers": {
                                    "total": 2.4038478230245577,
                                    "count": 167970,
                                    "self": 0.0,
                                    "children": {
                                        "worker_root": {
                                            "total": 3804.6436884390428,
                                            "count": 167970,
                                            "is_parallel": true,
                                            "self": 382.6794759211025,
                                            "children": {
                                                "run_training.setup": {
                                                    "total": 0.0,
                                                    "count": 0,
                                                    "is_parallel": true,
                                                    "self": 0.0,
                                                    "children": {
                                                        "steps_from_proto": {
                                                            "total": 0.0013962650000003407,
                                                            "count": 1,
                                                            "is_parallel": true,
                                                            "self": 0.0005693730000002617,
                                                            "children": {
                                                                "_process_vector_observation": {
                                                                    "total": 0.000826892000000079,
                                                                    "count": 2,
                                                                    "is_parallel": true,
                                                                    "self": 0.000826892000000079
                                                                }
                                                            }
                                                        },
                                                        "UnityEnvironment.step": {
                                                            "total": 0.029261438000000695,
                                                            "count": 1,
                                                            "is_parallel": true,
                                                            "self": 0.0001635580000005632,
                                                            "children": {
                                                                "UnityEnvironment._generate_step_input": {
                                                                    "total": 0.00015020200000037676,
                                                                    "count": 1,
                                                                    "is_parallel": true,
                                                                    "self": 0.00015020200000037676
                                                                },
                                                                "communicator.exchange": {
                                                                    "total": 0.028563870999999352,