{
    "name": "root",
    "gauges": {
        "Mummy.Policy.Entropy.mean": {
            "value": 1.4203405380249023,
            "min": 1.4203405380249023,
            "max": 1.4203405380249023,
            "count": 1
        },
        "Mummy.Policy.ExtrinsicValueEstimate.mean": {
            "value": -0.021575458347797394,
            "min": -0.021575458347797394,
            "max": -0.021575458347797394,
            "count": 1
        },
        "Mummy.Environment.EpisodeLength.mean": {
            "value": 196.88888888888889,
            "min": 196.88888888888889,
            "max": 196.88888888888889,
            "count": 1
        },
        "Mummy.Environment.CumulativeReward.mean": {
            "value": -0.18141153185348574,
            "min": -0.18141153185348574,
            "max": -0.18141153185348574,
            "count": 1
        },
        "Mummy.Policy.ExtrinsicReward.mean": {
            "value": -0.18141153185348574,
            "min": -0.18141153185348574,
            "max": -0.18141153185348574,
            "count": 1
        },
        "Mummy.Losses.ValueLoss.mean": {
            "value": 0.0031484069768339396,
            "min": 0.0031484069768339396,
            "max": 0.0031484069768339396,
            "count": 1
        },
        "Mummy.Losses.PolicyLoss.mean": {
            "value": 0.023269014433026314,
            "min": 0.023269014433026314,
            "max": 0.023269014433026314,
            "count": 1
        },
        "Mummy.Policy.LearningRate.mean": {
            "value": 0.0002840827510226518,
            "min": 0.0002840827510226518,
            "max": 0.0002840827510226518,
            "count": 1
        },
        "Mummy.Policy.Epsilon.mean": {
            "value": 0.19469423592090607,
            "min": 0.19469423592090607,
            "max": 0.19469423592090607,
            "count": 1
        },
        "Mummy.Policy.Beta.mean": {
            "value": 0.004735242575407028,
            "min": 0.004735242575407028,
            "max": 0.004735242575407028,
            "count": 1
        },
        "Mummy.IsTraining.mean": {
            "value": 1.0,
            "min": 1.0,
            "max": 1.0,
            "count": 1
        }
    },
    "metadata": {
        "timer_format_version": "0.1.0",
        "start_time_seconds": "1595217160",
        "python_version": "3.7.3 (default, Apr 24 2020, 18:51:23) \n[Clang 11.0.3 (clang-1103.0.32.62)]",
        "command_line_arguments": "/usr/local/bin/mlagents-learn Basic.yaml --run-id=mummy01 --force",
        "mlagents_version": "0.19.0.dev0",
        "mlagents_envs_version": "0.19.0.dev0",
        "communication_protocol_version": "1.0.0",
        "tensorflow_version": "2.0.1",
        "end_time_seconds": "1595217241"
    },
    "total": 80.845718728,
    "count": 1,
    "self": 0.009004038000000492,
    "children": {
        "run_training.setup": {
            "total": 0.01088931999999998,
            "count": 1,
            "self": 0.01088931999999998
        },
        "TrainerController.start_learning": {
            "total": 80.82582536999999,
            "count": 1,
            "self": 4.402465316999624,
            "children": {
                "TrainerController._reset_env": {
                    "total": 6.124902702,
                    "count": 1,
                    "self": 6.124902702
                },
                "TrainerController.advance": {
                    "total": 69.69328002300037,
                    "count": 5043,
                    "self": 0.08015660900019839,
                    "children": {
                        "env_step": {
                            "total": 69.61312341400017,
                            "count": 5043,
                            "self": 63.72979172300046,
                            "children": {
                                "SubprocessEnvManager._take_step": {
                                    "total": 5.8066851139998406,
                                    "count": 5043,
                                    "self": 0.22748298099969944,
                                    "children": {
                                        "NNPolicy.evaluate": {
                                            "total": 5.579202133000141,
                                            "count": 4994,
                                            "self": 5.579202133000141
                                        }
                                    }
                                },
                                "workers": {
                                    "total": 0.07664657699987387,
                                    "count": 5042,
                                    "self": 0.0,
                                    "children": {
                                        "worker_root": {
                                            "total": 79.98903883799986,
                                            "count": 5042,
                                            "is_parallel": true,
                                            "self": 27.6418653559997,
                                            "children": {
                                                "run_training.setup": {
                                                    "total": 0.0,
                                                    "count": 0,
                                                    "is_parallel": true,
                                                    "self": 0.0,
                                                    "children": {
                                                        "steps_from_proto": {
                                                            "total": 0.0010071209999988895,
                                                            "count": 1,
                                                            "is_parallel": true,
                                                            "self": 0.0001812849999964783,
                                                            "children": {
                                                                "_process_vector_observation": {
                                                                    "total": 0.0008258360000024112,
                                                                    "count": 2,
                                                                    "is_parallel": true,
                                                                    "self": 0.0008258360000024112
                                                                }
                                                            }
                                                        },
                                                        "UnityEnvironment.step": {
                                                            "total": 0.0235045429999996,
                                                            "count": 1,
                                                            "is_parallel": true,
                                                            "self": 0.00022076200000142876,
                                                            "children": {
                                                                "UnityEnvironment._generate_step_input": {
                                                                    "total": 0.00022964899999955435,
                                                                    "count": 1,
                                                                    "is_parallel": true,
                                                                    "self": 0.00022964899999955435
                                                                },
                                                                "communicator.exchange": {
                                                                    "total": 0.02259446299999901,
                                                                    "count": 1,