{
    "name": "root",
    "gauges": {
        "Mummy.Policy.Entropy.mean": {
            "value": 0.34749093651771545,
            "min": 0.3035808801651001,
            "max": 2.195889472961426,
            "count": 100
        },
        "Mummy.Environment.EpisodeLength.mean": {
            "value": 16.10996563573883,
            "min": 16.10996563573883,
            "max": 180.88679245283018,
            "count": 100
        },
        "Mummy.Policy.ExtrinsicValueEstimate.mean": {
            "value": 0.13483299314975739,
            "min": -0.1460643708705902,
            "max": 0.2540738880634308,
            "count": 100
        },
        "Mummy.Policy.GAILValueEstimate.mean": {
            "value": 5.573031425476074,
            "min": -0.06541265547275543,
            "max": 6.145236492156982,
            "count": 100
        },
        "Mummy.Environment.CumulativeReward.mean": {
            "value": 0.9047241397619504,
            "min": -0.3639772597552193,
            "max": 0.9478894486115431,
            "count": 100
        },
        "Mummy.Policy.ExtrinsicReward.mean": {
            "value": 0.9047241397619504,
            "min": -0.3639772597552193,
            "max": 0.9478894486115431,
            "count": 100
        },
        "Mummy.Policy.GAILReward.mean": {
            "value": 1.2358353156917568,
            "min": 0.8975684698138918,
            "max": 7.79283091445225,
            "count": 100
        },
        "Mummy.Losses.ValueLoss.mean": {
            "value": 0.17325249314308167,
            "min": 0.06024277210235596,
            "max": 0.207868754863739,
            "count": 100
        },
        "Mummy.Losses.PolicyLoss.mean": {
            "value": 1.650251030921936,
            "min": 0.41424936056137085,
            "max": 1.650251030921936,
            "count": 100
        },
        "Mummy.Policy.LearningRate.mean": {
            "value": 1.7838269741332624e-06,
            "min": 1.7838269741332624e-06,
            "max": 0.00029795727459713817,
            "count": 100
        },
        "Mummy.Policy.Epsilon.mean": {
            "value": 0.10059455782175064,
            "min": 0.10059455782175064,
            "max": 0.19931910932064056,
            "count": 100
        },
        "Mummy.Policy.Beta.mean": {
            "value": 6.939811282791197e-05,
            "min": 6.939811282791197e-05,
            "max": 0.009931979700922966,
            "count": 100
        },
        "Mummy.Losses.GAILLoss.mean": {
            "value": 1.0535013675689697,
            "min": 1.0535013675689697,
            "max": 4.040212154388428,
            "count": 100
        },
        "Mummy.Policy.GAILPolicyEstimate.mean": {
            "value": 0.3592884838581085,
            "min": 0.3592884838581085,
            "max": 0.4580270051956177,
            "count": 100
        },
        "Mummy.Policy.GAILExpertEstimate.mean": {
            "value": 0.6385347843170166,
            "min": 0.54148930311203,
            "max": 0.6385347843170166,
            "count": 100
        },
        "Mummy.IsTraining.mean": {
            "value": 1.0,
            "min": 1.0,
            "max": 1.0,
            "count": 100
        }
    },
    "metadata": {
        "timer_format_version": "0.1.0",
        "start_time_seconds": "1597734627",
        "python_version": "3.7.3 (default, Apr 24 2020, 18:51:23) \n[Clang 11.0.3 (clang-1103.0.32.62)]",
        "command_line_arguments": "/usr/local/bin/mlagents-learn Mummy.yaml --run-id=MummyDemo14",
        "mlagents_version": "0.20.0.dev0",
        "mlagents_envs_version": "0.20.0.dev0",
        "communication_protocol_version": "1.0.0",
        "tensorflow_version": "2.0.1",
        "numpy_version": "1.18.2",
        "end_time_seconds": "1597738655"
    },
    "total": 4028.181122651,
    "count": 1,
    "self": 0.012230481999722542,
    "children": {
        "run_training.setup": {
            "total": 0.013185441000000075,
            "count": 1,
            "self": 0.013185441000000075
        },
        "TrainerController.start_learning": {
            "total": 4028.155706728,
            "count": 1,
            "self": 2.4910905250067117,
            "children": {
                "TrainerController._reset_env": {
                    "total": 15.456721408000002,
                    "count": 1,
                    "self": 15.020190945000001,
                    "children": {
                        "demo_to_buffer": {
                            "total": 0.4365304630000004,
                            "count": 1,
                            "self": 0.0012734439999988467,
                            "children": {
                                "load_demonstration": {
                                    "total": 0.013583450000000497,
                                    "count": 1,
                                    "self": 0.007448435000000586,
                                    "children": {
                                        "read_file": {
                                            "total": 0.00613501499999991,
                                            "count": 1,
                                            "self": 0.00613501499999991
                                        }
                                    }
                                },
                                "make_demo_buffer": {
                                    "total": 0.4216735690000011,
                                    "count": 1,
                                    "self": 0.10238983199997698,
                                    "children": {
                                        "steps_from_proto": {
                                            "total": 0.3192837370000241,
                                            "count": 2244,
                                            "self": 0.2094785020000014,
                                            "children": {
                                                "_process_vector_observation": {
                                                    "total": 0.1098052350000227,
                                                    "count": 4488,
                                                    "self": 0.1098052350000227
                                                }
                                            }
                                        }
                                    }
                                }
                            }
                        }
                    }
                },
                "TrainerController.advance": {
                    "total": 4009.390999463994,
                    "count": 75726,
                    "self": 1.2396010470047258,
                    "children": {
                        "env_step": {
                            "total": 4008.151398416989,
                            "count": 75726,
                            "self": 3900.194390553995,
                            "children": {
                                "SubprocessEnvManager._take_step": {
                                    "total": 106.7700006190176,
                                    "count": 75726,
                                    "self": 3.4370488020118017,
                                    "children": {
                                        "TFPolicy.evaluate": {
                                            "total": 103.33295181700579,
                                            "count": 55587,
                                            "self": 103.33295181700579
                                        }
                                    }
                                },
                                "workers": {
                                    "total": 1.1870072439763817,
                                    "count": 75726,
                                    "self": 0.0,