{
    "name": "root",
    "metadata": {
        "timer_format_version": "0.1.0",
        "start_time_seconds": "1595217342",
        "python_version": "3.7.3 (default, Apr 24 2020, 18:51:23) \n[Clang 11.0.3 (clang-1103.0.32.62)]",
        "command_line_arguments": "/usr/local/bin/mlagents-learn Mummy.yaml --run-id=Mummy02",
        "mlagents_version": "0.19.0.dev0",
        "mlagents_envs_version": "0.19.0.dev0",
        "communication_protocol_version": "1.0.0",
        "tensorflow_version": "2.0.1",
        "end_time_seconds": "1595217365"
    },
    "total": 22.823857081,
    "count": 1,
    "self": 0.010854473000001974,
    "children": {
        "run_training.setup": {
            "total": 0.010783207000000239,
            "count": 1,
            "self": 0.010783207000000239
        },
        "TrainerController.start_learning": {
            "total": 22.802219401,
            "count": 1,
            "self": 1.9507685679999653,
            "children": {
                "TrainerController._reset_env": {
                    "total": 4.847134688000001,
                    "count": 1,
                    "self": 4.847134688000001
                },
                "TrainerController.advance": {
                    "total": 15.384828226000034,
                    "count": 1086,
                    "self": 0.017621792000102943,
                    "children": {
                        "env_step": {
                            "total": 15.36720643399993,
                            "count": 1086,
                            "self": 14.059013772999933,
                            "children": {
                                "SubprocessEnvManager._take_step": {
                                    "total": 1.291660937000005,
                                    "count": 1086,
                                    "self": 0.0486993959999662,
                                    "children": {
                                        "NNPolicy.evaluate": {
                                            "total": 1.2429615410000387,
                                            "count": 1077,
                                            "self": 1.2429615410000387
                                        }
                                    }
                                },
                                "workers": {
                                    "total": 0.01653172399999292,
                                    "count": 1085,
                                    "self": 0.0,
                                    "children": {
                                        "worker_root": {
                                            "total": 22.12743510699998,
                                            "count": 1085,
                                            "is_parallel": true,
                                            "self": 10.347399056000016,
                                            "children": {
                                                "run_training.setup": {
                                                    "total": 0.0,
                                                    "count": 0,
                                                    "is_parallel": true,
                                                    "self": 0.0,
                                                    "children": {
                                                        "steps_from_proto": {
                                                            "total": 0.001109694000000161,
                                                            "count": 1,
                                                            "is_parallel": true,
                                                            "self": 0.00022990200000094774,
                                                            "children": {
                                                                "_process_vector_observation": {
                                                                    "total": 0.0008797919999992132,
                                                                    "count": 2,
                                                                    "is_parallel": true,
                                                                    "self": 0.0008797919999992132
                                                                }
                                                            }
                                                        },
                                                        "UnityEnvironment.step": {
                                                            "total": 0.018517413999999732,
                                                            "count": 1,
                                                            "is_parallel": true,
                                                            "self": 0.00010986600000073565,
                                                            "children": {
                                                                "UnityEnvironment._generate_step_input": {
                                                                    "total": 0.0002342330000004722,
                                                                    "count": 1,
                                                                    "is_parallel": true,
                                                                    "self": 0.0002342330000004722
                                                                },
                                                                "communicator.exchange": {
                                                                    "total": 0.01796964499999909,
                                                                    "count": 1,
                                                                    "is_parallel": true,
                                                                    "self": 0.01796964499999909
                                                                },
                                                                "steps_from_proto": {
                                                                    "total": 0.00020366999999943403,
                                                                    "count": 1,
                                                                    "is_parallel": true,
                                                                    "self": 0.00010257599999796696,
                                                                    "children": {
                                                                        "_process_vector_observation": {
                                                                            "total": 0.00010109400000146707,
                                                                            "count": 2,
                                                                            "is_parallel": true,
                                                                            "self": 0.00010109400000146707
                                                                        }
                                                                    }
                                                                }
                                                            }
                                                        }
                                                    }
                                                },
                                                "UnityEnvironment.step": {
                                                    "total": 11.780036050999962,
                                                    "count": 1084,
                                                    "is_parallel": true,
                                                    "self": 0.19318019399987385,