{
    "name": "root",
    "gauges": {
        "Tennis.Policy.Entropy.mean": {
            "value": 0.8670555949211121,
            "min": 0.862400233745575,
            "max": 1.4259718656539917,
            "count": 1009
        },
        "Tennis.Environment.EpisodeLength.mean": {
            "value": 131.72289156626505,
            "min": 17.76735459662289,
            "max": 184.8148148148148,
            "count": 1009
        },
        "Tennis.Self-play.ELO.mean": {
            "value": 1447.848722418472,
            "min": 1196.696196969967,
            "max": 1465.6235508296895,
            "count": 1009
        },
        "Tennis.Policy.ExtrinsicValueEstimate.mean": {
            "value": -0.033777106553316116,
            "min": -0.11642811447381973,
            "max": 0.1635182797908783,
            "count": 1009
        },
        "Tennis.Environment.CumulativeReward.mean": {
            "value": -0.2289156626506024,
            "min": -0.28421052631578947,
            "max": 0.29850746268656714,
            "count": 1009
        },
        "Tennis.Policy.ExtrinsicReward.mean": {
            "value": -0.2289156626506024,
            "min": -0.28421052631578947,
            "max": 0.29850746268656714,
            "count": 1009
        },
        "Tennis.IsTraining.mean": {
            "value": 1.0,
            "min": 1.0,
            "max": 1.0,
            "count": 1009
        },
        "Tennis.Losses.ValueLoss.mean": {
            "value": 0.05499711260199547,
            "min": 0.03064350038766861,
            "max": 0.29948690533638,
            "count": 490
        },
        "Tennis.Losses.PolicyLoss.mean": {
            "value": 0.02079780586063862,
            "min": 0.010351776145398617,
            "max": 0.02487962134182453,
            "count": 490
        },
        "Tennis.Policy.LearningRate.mean": {
            "value": 0.00030000004335306585,
            "min": 0.00030000004335306585,
            "max": 0.00030000004335306585,
            "count": 490
        },
        "Tennis.Policy.Epsilon.mean": {
            "value": 0.19999997317790985,
            "min": 0.19999997317790985,
            "max": 0.19999997317790985,
            "count": 490
        },
        "Tennis.Policy.Beta.mean": {
            "value": 0.004999999422580004,
            "min": 0.004999999422580004,
            "max": 0.004999999422580004,
            "count": 490
        }
    },
    "metadata": {
        "timer_format_version": "0.1.0",
        "start_time_seconds": "1595156205",
        "python_version": "3.7.3 (default, Apr 24 2020, 18:51:23) \n[Clang 11.0.3 (clang-1103.0.32.62)]",
        "command_line_arguments": "/usr/local/bin/mlagents-learn Tennis.yaml --run-id=firstTennis",
        "mlagents_version": "0.19.0.dev0",
        "mlagents_envs_version": "0.19.0.dev0",
        "communication_protocol_version": "1.0.0",
        "tensorflow_version": "2.0.1",
        "end_time_seconds": "1595171180"
    },
    "total": 14974.609268188,
    "count": 1,
    "self": 0.011138104999190546,
    "children": {
        "run_training.setup": {
            "total": 0.012123524999999802,
            "count": 1,
            "self": 0.012123524999999802
        },
        "TrainerController.start_learning": {
            "total": 14974.586006558,
            "count": 1,
            "self": 930.612687934472,
            "children": {
                "TrainerController._reset_env": {
                    "total": 10.14520733800935,
                    "count": 101,
                    "self": 10.14520733800935
                },
                "TrainerController.advance": {
                    "total": 14033.067317103518,
                    "count": 734927,
                    "self": 14.103524365600606,
                    "children": {
                        "env_step": {
                            "total": 14018.963792737917,
                            "count": 734927,
                            "self": 12185.075579293984,
                            "children": {
                                "SubprocessEnvManager._take_step": {
                                    "total": 1820.8493489312025,
                                    "count": 734927,
                                    "self": 63.90812102425912,
                                    "children": {
                                        "NNPolicy.evaluate": {
                                            "total": 1756.9412279069434,
                                            "count": 1134114,
                                            "self": 1756.9412279069434
                                        }
                                    }
                                },
                                "workers": {
                                    "total": 13.03886451273149,
                                    "count": 734926,
                                    "self": 0.0,
                                    "children": {
                                        "worker_root": {
                                            "total": 14940.311281459473,
                                            "count": 734926,
                                            "is_parallel": true,
                                            "self": 5987.939134558981,
                                            "children": {
                                                "run_training.setup": {
                                                    "total": 0.0,
                                                    "count": 0,
                                                    "is_parallel": true,
                                                    "self": 0.0,
                                                    "children": {
                                                        "steps_from_proto": {
                                                            "total": 0.0017764610000003955,
                                                            "count": 2,
                                                            "is_parallel": true,
                                                            "self": 0.0004227170000010716,
                                                            "children": {
                                                                "_process_vector_observation": {
                                                                    "total": 0.001353743999999324,
                                                                    "count": 4,
                                                                    "is_parallel": true,
                                                                    "self": 0.001353743999999324
                                                                }
                                                            }
                                                        },
                                                        "UnityEnvironment.step": {
                                                            "total": 0.025264059000001282,
                                                            "count": 1,
                                                            "is_parallel": true,
                                                            "self": 0.00041409899999678146,
                                                            "children": {
                                                                "UnityEnvironment._generate_step_input": {
                                                                    "total": 0.0005920619999990606,
                                                                    "count": 1,
                                                                    "is_parallel": true,
                                                                    "self": 0.0005920619999990606
                                                                },