{
    "name": "root",
    "gauges": {
        "Mummy.Policy.Entropy.mean": {
            "value": 1.3069522380828857,
            "min": 1.3069522380828857,
            "max": 1.415313959121704,
            "count": 10
        },
        "Mummy.Environment.EpisodeLength.mean": {
            "value": 5.3283959994936065,
            "min": 5.3283959994936065,
            "max": 10.848341232227488,
            "count": 10
        },
        "Mummy.Policy.ExtrinsicValueEstimate.mean": {
            "value": 0.9526480436325073,
            "min": -1.2597200870513916,
            "max": 0.9526480436325073,
            "count": 10
        },
        "Mummy.Environment.CumulativeReward.mean": {
            "value": 0.9870752034224745,
            "min": -0.6872434437709896,
            "max": 0.9870752034224745,
            "count": 10
        },
        "Mummy.Policy.ExtrinsicReward.mean": {
            "value": 0.9870752034224745,
            "min": -0.6872434437709896,
            "max": 0.9870752034224745,
            "count": 10
        },
        "Mummy.Losses.ValueLoss.mean": {
            "value": 0.020434971898794174,
            "min": 0.020434971898794174,
            "max": 2.1912081241607666,
            "count": 10
        },
        "Mummy.Losses.PolicyLoss.mean": {
            "value": 0.023581044748425484,
            "min": 0.020929312333464622,
            "max": 0.027269989252090454,
            "count": 10
        },
        "Mummy.Policy.LearningRate.mean": {
            "value": 1.7133217625087127e-05,
            "min": 1.7133217625087127e-05,
            "max": 0.00028461962938308716,
            "count": 10
        },
        "Mummy.Policy.Epsilon.mean": {
            "value": 0.10571104288101196,
            "min": 0.10571104288101196,
            "max": 0.19487319886684418,
            "count": 10
        },
        "Mummy.Policy.Beta.mean": {
            "value": 0.0002949809131678194,
            "min": 0.0002949809131678194,
            "max": 0.004744172096252441,
            "count": 10
        },
        "Mummy.IsTraining.mean": {
            "value": 1.0,
            "min": 1.0,
            "max": 1.0,
            "count": 10
        }
    },
    "metadata": {
        "timer_format_version": "0.1.0",
        "start_time_seconds": "1597379703",
        "python_version": "3.7.3 (default, Apr 24 2020, 18:51:23) \n[Clang 11.0.3 (clang-1103.0.32.62)]",
        "command_line_arguments": "/usr/local/bin/mlagents-learn --run-id=mummy --force",
        "mlagents_version": "0.20.0.dev0",
        "mlagents_envs_version": "0.20.0.dev0",
        "communication_protocol_version": "1.0.0",
        "tensorflow_version": "2.0.1",
        "numpy_version": "1.18.2",
        "end_time_seconds": "1597380166"
    },
    "total": 463.232660032,
    "count": 1,
    "self": 0.014019856999993863,
    "children": {
        "run_training.setup": {
            "total": 0.01618065599999996,
            "count": 1,
            "self": 0.01618065599999996
        },
        "TrainerController.start_learning": {
            "total": 463.202459519,
            "count": 1,
            "self": 1.970382019996805,
            "children": {
                "TrainerController._reset_env": {
                    "total": 10.367268892,
                    "count": 1,
                    "self": 10.367268892
                },
                "TrainerController.advance": {
                    "total": 450.6002303680032,
                    "count": 64743,
                    "self": 0.9130243830059044,
                    "children": {
                        "env_step": {
                            "total": 449.6872059849973,
                            "count": 64743,
                            "self": 424.43769144399477,
                            "children": {
                                "SubprocessEnvManager._take_step": {
                                    "total": 24.28444116199328,
                                    "count": 64743,
                                    "self": 1.3925966159902146,
                                    "children": {
                                        "TFPolicy.evaluate": {
                                            "total": 22.891844546003064,
                                            "count": 25010,
                                            "self": 22.891844546003064
                                        }
                                    }
                                },
                                "workers": {
                                    "total": 0.9650733790092545,
                                    "count": 64743,
                                    "self": 0.0,
                                    "children": {
                                        "worker_root": {
                                            "total": 460.63205599299926,
                                            "count": 64743,
                                            "is_parallel": true,
                                            "self": 164.4164689369972,
                                            "children": {
                                                "run_training.setup": {
                                                    "total": 0.0,
                                                    "count": 0,
                                                    "is_parallel": true,
                                                    "self": 0.0,
                                                    "children": {
                                                        "steps_from_proto": {
                                                            "total": 0.01170756500000003,
                                                            "count": 1,
                                                            "is_parallel": true,
                                                            "self": 0.00047007799999931876,
                                                            "children": {
                                                                "_process_vector_observation": {
                                                                    "total": 0.011237487000000712,
                                                                    "count": 2,
                                                                    "is_parallel": true,
                                                                    "self": 0.011237487000000712
                                                                }
                                                            }
                                                        },
                                                        "UnityEnvironment.step": {
                                                            "total": 0.017930185000000876,
                                                            "count": 1,
                                                            "is_parallel": true,
                                                            "self": 0.0001162950000015428,
                                                            "children": {
                                                                "UnityEnvironment._generate_step_input": {
                                                                    "total": 0.00024333700000056524,
                                                                    "count": 1,
                                                                    "is_parallel": true,
                                                                    "self": 0.00024333700000056524
                                                                },
                                                                "communicator.exchange": {
                                                                    "total": 0.01732446399999965,
                                                                    "count": 1,