Steps,Policy/Entropy,Environment/Episode Length,Policy/Extrinsic Value Estimate,Environment/Cumulative Reward,Policy/Extrinsic Reward,Losses/Value Loss,Losses/Policy Loss,Policy/Learning Rate,Policy/Epsilon,Policy/Beta,Is Training
50000,1.4222108,26.944061962134253,0.41214815,-0.6173055069440921,-0.6173055069440921,0.6630177,0.024150407,0.0002774722,0.19249074,0.0046252874,1.0
100000,1.4111779,48.991927346115034,0.30750203,0.4989394554050731,0.4989394554050731,0.1364463,0.02602765,0.00025279456,0.18426485,0.004214816,1.0
150000,1.3985229,18.780062063615205,0.6649666,0.9179172848078232,0.9179172848078232,0.07315374,0.024449037,0.00022508197,0.1750273,0.0037538619,1.0
