{
    "name": "root",
    "gauges": {
        "Mummy.Policy.Entropy.mean": {
            "value": 1.583801031112671,
            "min": 1.583801031112671,
            "max": 2.194338083267212,
            "count": 33
        },
        "Mummy.Environment.EpisodeLength.mean": {
            "value": 458.5853658536585,
            "min": 411.9166666666667,
            "max": 1068.421052631579,
            "count": 33
        },
        "Mummy.Policy.ExtrinsicValueEstimate.mean": {
            "value": 1.4761028289794922,
            "min": -0.11565998941659927,
            "max": 1.519073486328125,
            "count": 33
        },
        "Mummy.Environment.CumulativeReward.mean": {
            "value": 8.64512190440806,
            "min": -0.3592592560582691,
            "max": 13.367391233858855,
            "count": 33
        },
        "Mummy.Policy.ExtrinsicReward.mean": {
            "value": 8.64512190440806,
            "min": -0.3592592560582691,
            "max": 13.367391233858855,
            "count": 33
        },
        "Mummy.Losses.ValueLoss.mean": {
            "value": 0.6658000946044922,
            "min": 0.04691365733742714,
            "max": 0.7056775689125061,
            "count": 33
        },
        "Mummy.Losses.PolicyLoss.mean": {
            "value": 0.10246479511260986,
            "min": 0.09432043135166168,
            "max": 0.10736621916294098,
            "count": 33
        },
        "Mummy.Policy.LearningRate.mean": {
            "value": 0.00010502032819204032,
            "min": 0.00010502032819204032,
            "max": 0.0002961372665595263,
            "count": 33
        },
        "Mummy.Policy.Epsilon.mean": {
            "value": 0.13500675559043884,
            "min": 0.13500675559043884,
            "max": 0.19871240854263306,
            "count": 33
        },
        "Mummy.Policy.Beta.mean": {
            "value": 0.00035656685940921307,
            "min": 0.00035656685940921307,
            "max": 0.0009872529190033674,
            "count": 33
        },
        "Mummy.IsTraining.mean": {
            "value": 1.0,
            "min": 1.0,
            "max": 1.0,
            "count": 33
        }
    },
    "metadata": {
        "timer_format_version": "0.1.0",
        "start_time_seconds": "1597417757",
        "python_version": "3.7.3 (default, Apr 24 2020, 18:51:23) \n[Clang 11.0.3 (clang-1103.0.32.62)]",
        "command_line_arguments": "/usr/local/bin/mlagents-learn mummy.yaml --run-id=mummy_ray3020_ray90_8 --force",
        "mlagents_version": "0.20.0.dev0",
        "mlagents_envs_version": "0.20.0.dev0",
        "communication_protocol_version": "1.0.0",
        "tensorflow_version": "2.0.1",
        "numpy_version": "1.18.2",
        "end_time_seconds": "1597420673"
    },
    "total": 2916.160132228,
    "count": 1,
    "self": 0.009392595000008441,
    "children": {
        "run_training.setup": {
            "total": 0.013323629000000281,
            "count": 1,
            "self": 0.013323629000000281
        },
        "TrainerController.start_learning": {
            "total": 2916.137416004,
            "count": 1,
            "self": 3.5797857280558674,
            "children": {
                "TrainerController._reset_env": {
                    "total": 11.878378375,
                    "count": 1,
                    "self": 11.878378375
                },
                "TrainerController.advance": {
                    "total": 2900.2469786409442,
                    "count": 114297,
                    "self": 1.6889887619654473,
                    "children": {
                        "env_step": {
                            "total": 2898.557989878979,
                            "count": 114297,
                            "self": 2762.7861094730406,
                            "children": {
                                "SubprocessEnvManager._take_step": {
                                    "total": 133.97386975996469,
                                    "count": 114297,
                                    "self": 3.7754869199865198,
                                    "children": {
                                        "TFPolicy.evaluate": {
                                            "total": 130.19838283997817,
                                            "count": 113477,
                                            "self": 130.19838283997817
                                        }
                                    }
                                },
                                "workers": {
                                    "total": 1.7980106459737257,
                                    "count": 114296,
                                    "self": 0.0,
                                    "children": {
                                        "worker_root": {
                                            "total": 2911.318115150008,
                                            "count": 114296,
                                            "is_parallel": true,
                                            "self": 302.240958579986,
                                            "children": {
                                                "run_training.setup": {
                                                    "total": 0.0,
                                                    "count": 0,
                                                    "is_parallel": true,
                                                    "self": 0.0,
                                                    "children": {
                                                        "steps_from_proto": {
                                                            "total": 0.0016433700000000329,
                                                            "count": 1,
                                                            "is_parallel": true,
                                                            "self": 0.0006385039999976527,
                                                            "children": {
                                                                "_process_vector_observation": {
                                                                    "total": 0.0010048660000023801,
                                                                    "count": 4,
                                                                    "is_parallel": true,
                                                                    "self": 0.0010048660000023801
                                                                }
                                                            }
                                                        },
                                                        "UnityEnvironment.step": {
                                                            "total": 0.06410448000000102,
                                                            "count": 1,
                                                            "is_parallel": true,
                                                            "self": 0.00017523600000401984,
                                                            "children": {
                                                                "UnityEnvironment._generate_step_input": {
                                                                    "total": 0.00014012800000173797,
                                                                    "count": 1,
                                                                    "is_parallel": true,
                                                                    "self": 0.00014012800000173797
                                                                },
                                                                "communicator.exchange": {
                                                                    "total": 0.06332498799999797,